Drug,mean_int,mean_std
Lucentis,8.183098591549296,4.700344186243487
Eylea,7.26595744680851,4.649812469142087
Multiple,7.030364372469635,4.620966242792765
