Drug,mean_int,mean_std
aVGF,5.966565349544073,3.228215377784558
Steroid,11.75,2.0463381929681126
Both,6.635914332784185,3.8399909621035238
