Drug,mean_int,mean_std
Lucentis,7.511013215859031,4.715109496470044
Eylea,7.330841121495327,4.227290314689086
Multiple,5.950293960448958,4.0964048934336255
Improved,6.0615469919600775,4.2098520885053805
Not_Improved,6.6855203619909505,4.503464561314461
Overall,6.037329351535837,4.250488512465272
Luc_to_Eyl,5.783210332103321,4.065884347104094
Eyl_to_Luc,5.436619718309859,3.8503843705609286
