Drug,PVI,PVI_sd,TPVI,TPVI_sd,TPVI_Injs,TPVI_Injs_sd,VLP,VLP_sd,OVC,OVC_sd,MeanVis,StdVis,Baseline,Baseline_sd
Lucentis,,,173.56521739130434,51.24,2.869565217391304,0.81,7.391304347826087,2.21,-1.3043478260869565,2.12,,,69.58695652173913,3.74
Eylea,,,268.35,96.96,4.475,1.62,10.4,2.94,-2.65,3.59,,,64.775,5.95
Multiple,,,287.4947368421053,64.87,5.947368421052632,1.58,10.6,2.51,-2.136842105263158,2.76,70.63245497516775,5.374102249959812,70.82105263157895,3.24
Improved,11.292817679558011,1.13,342.45303867403317,48.2,7.3259668508287294,1.08,11.43646408839779,1.71,-0.143646408839779,1.89,69.72428188003661,6.034744438661182,68.06077348066299,2.54
Not_Improved,0.0,,0.0,,0.0,,11.462686567164178,3.85,-11.462686567164178,3.85,64.37021728078807,5.236208231829004,72.44776119402985,4.75
Overall,,,256.1693548387097,39.86,5.346774193548387,0.88,11.443548387096774,1.61,-3.2016129032258065,1.82,68.27782087943318,5.819010866654102,69.24596774193549,2.25
Luc_to_Eyl,,,268.0833333333333,82.01,5.516666666666667,1.98,9.833333333333334,3.16,-1.55,3.24,70.82958059802446,5.37967193557282,71.16666666666667,4.05
Eyl_to_Luc,,,385.1578947368421,182.47,8.842105263157896,4.78,13.789473684210526,7.33,-3.736842105263158,9.07,66.78910246445582,6.426897522305428,67.10526315789474,9.76
