Drug,mean_int,mean_std
Lucentis,5.891089108910891,3.592900012108617
Eylea,6.0,3.007926037591192
Multiple,6.57887323943662,3.7677435804679056
