Drug,mean_int,mean_std
Lucentis,8.375,4.151430476353903
Eylea,7.333333333333333,4.442676416010257
Multiple,9.6,5.0039984012787215
