Drug,PVI,PVI_sd,TPVI,TPVI_sd,VLP,VLP_sd,OVC,OVC_sd,MeanVis,StdVis
Lucentis,4.56,2.11,123.32,108.18,3.0,2.25,1.56,2.71,75.58320007770007,3.0186084961843496
Eylea,6.181818181818182,3.59,55.04545454545455,39.62,2.0454545454545454,1.8,4.136363636363637,3.75,65.5360759020924,3.010813741233861
Multiple,7.0,2.18,237.08510638297872,118.26,10.97872340425532,2.98,-3.978723404255319,3.87,71.63809066982023,5.619772604052732
Improved,14.516129032258064,2.95,656.6774193548387,137.14,9.483870967741936,2.98,5.032258064516129,3.41,73.2893663124818,6.628546042802395
Not_Improved,0.0,,0.0,,9.536585365853659,3.21,-9.536585365853659,3.21,69.79034355776652,4.494692311989524
Overall,8.737864077669903,2.24,395.28155339805824,103.18,9.504854368932039,2.17,-0.7669902912621359,2.76,71.8965514295369,5.779147955779795
