Drug,PVI,PVI_sd,TPVI,TPVI_sd,VLP,VLP_sd,OVC,OVC_sd
Lucentis,20.133333333333333,6.09,166.94444444444446,48.69,7.277777777777778,2.67,12.855555555555556,6.67
Eylea,15.523809523809524,6.4,155.34920634920636,56.26,8.0,3.04,7.523809523809524,6.85
Multiple,31.28708133971292,4.46,275.66985645933016,37.42,9.913875598086124,1.59,21.373205741626794,4.72
Improved,24.67989417989418,2.89,298.2936507936508,28.09,9.542328042328043,1.09,15.137566137566138,3.08
Not_Improved,0.0,,0.0,,8.144578313253012,1.62,-8.144578313253012,1.62
Overall,17.14889705882353,2.22,207.2702205882353,22.67,9.115808823529411,0.9,8.033088235294118,2.37
Luc_to_Eyl,37.88194444444444,5.69,290.8611111111111,46.62,9.48611111111111,1.96,28.395833333333332,6.07
Eyl_to_Luc,15.936507936507937,5.29,243.79365079365078,62.63,11.142857142857142,2.81,4.7936507936507935,5.32
