Drug,PVI,PVI_sd,TPVI,TPVI_sd,VLP,VLP_sd,OVC,OVC_sd,MeanVis,StdVis
Lucentis,5.2631578947368425,3.68,99.05263157894737,76.22,3.8947368421052633,3.41,1.368421052631579,3.69,74.52461525417515,3.103611631683888
Eylea,5.928571428571429,3.61,148.78571428571428,95.25,4.857142857142857,3.46,1.0714285714285714,5.32,65.68152063526087,5.12947726409699
Multiple,8.852941176470589,3.03,298.7352941176471,156.96,9.735294117647058,3.79,-0.8823529411764706,4.42,71.9133417969959,6.940177730466817
Improved,14.092592592592593,3.25,496.1296296296296,144.64,10.518518518518519,3.13,3.574074074074074,4.15,70.97340837386584,7.528410979861773
Not_Improved,0.0,,0.0,,7.35,4.3,-7.35,4.3,74.5546352615171,4.3418783027370385
Overall,10.283783783783784,2.77,362.0405405405405,116.55,9.662162162162161,2.53,0.6216216216216216,3.38,71.9413075326905,6.667185931990223
Luc_to_Eyl,6.7,4.67,340.0,377.98,9.3,8.38,-2.6,6.71,70.08150627150627,6.575733909541363
Eyl_to_Luc,0.0,,0.0,,4.0,,-4.0,,60.4,7.3647810558087885
