Drug,PVI,PVI_sd,TPVI,TPVI_sd,VLP,VLP_sd,OVC,OVC_sd
Lucentis,5.751592356687898,1.25,189.4968152866242,41.07,7.012738853503185,1.77,-1.2611464968152866,1.9
Eylea,10.095744680851064,2.9,269.0851063829787,77.52,9.287234042553191,2.58,0.8085106382978723,3.39
Multiple,10.795918367346939,1.15,300.59183673469386,33.09,10.676384839650146,1.24,0.119533527696793,1.5
Improved,13.77565502183406,1.04,299.0589519650655,28.75,13.172489082969433,1.36,0.6031659388646288,1.52
Not_Improved,0.0,,0.0,,9.844311377245509,2.06,-9.844311377245509,2.06
Overall,10.0948,0.9,222.4864,23.49,12.2832,1.14,-2.1884,1.29
Luc_to_Eyl,10.254166666666666,1.36,286.9791666666667,38.67,9.691666666666666,1.33,0.5625,1.73
Eyl_to_Luc,13.324675324675324,2.67,398.3376623376623,83.11,12.428571428571429,2.93,0.8961038961038961,3.24
