Drug,PVI,PVI_sd,TPVI,TPVI_sd,VLP,VLP_sd,OVC,OVC_sd
Lucentis,5.6,2.02,155.6,70.68,4.4,2.2,1.2,2.76
Eylea,8.538461538461538,2.61,190.16923076923078,66.6,7.938461538461539,2.5,0.6,3.09
Multiple,8.911764705882353,2.01,279.2352941176471,93.88,10.191176470588236,2.49,-1.2794117647058822,2.69
Improved,13.021739130434783,1.75,372.5072463768116,71.79,9.971014492753623,1.89,3.050724637681159,2.41
Not_Improved,0.0,,0.0,,9.125,2.49,-9.125,2.49
Overall,9.661290322580646,1.54,276.3763440860215,58.12,9.75268817204301,1.53,-0.0913978494623656,2.04
Luc_to_Eyl,7.972222222222222,2.35,282.4166666666667,127.07,8.5,2.86,-0.5277777777777778,2.99
Eyl_to_Luc,15.0,190.59,568.5,7223.48,14.0,127.06,1.0,63.53
