Drug,PVI,PVI_sd,TPVI,TPVI_sd,TPVI_Injs,TPVI_Injs_sd,VLP,VLP_sd,OVC,OVC_sd,MeanVis,StdVis,Baseline,Baseline_sd
aVGF,6.111111111111111,1.95,110.62962962962963,59.94,1.8148148148148149,0.73,3.1666666666666665,1.33,2.9444444444444446,2.33,71.08972672135616,3.631991033508368,69.07407407407408,3.65
Steroid,20.0,,70.0,,1.0,,9.0,,11.0,,78.2,7.413501197140255,65.0,
"Both(aVGF,Steroid)",7.25,2.4,263.25,147.54,3.8333333333333335,1.76,12.666666666666666,3.67,-5.416666666666667,4.7,71.39774139769035,6.063650280434444,72.94444444444444,3.52
Improved,14.516129032258064,2.95,656.6774193548387,137.14,9.451612903225806,2.33,9.483870967741936,2.98,5.032258064516129,3.41,73.2893663124818,6.628546042802395,69.14516129032258,3.5
Not_Improved,0.0,,0.0,,0.0,,10.289473684210526,3.35,-10.289473684210526,3.35,70.37905489127441,4.849536441883434,77.28947368421052,4.73
Overall,8.737864077669903,2.24,395.28155339805824,103.18,5.689320388349515,1.66,9.504854368932039,2.17,-0.7669902912621359,2.76,71.8965514295369,5.779147955779795,71.95145631067962,2.81
